name,keywords,unicode,version,blank,,,ブラウザ
fa-500px,ロゴ ハバ サイズ,[&#xf26e;],4.4,,,,ロゴ
fa-address-book,ジュウショ ホン ブック,[&#xf2b9;],4.7,,,,ポインター
fa-address-book-o,ジュウショ ホン ブック,[&#xf2ba;],4.7,,,,
fa-address-card,カード ジュウショ,[&#xf2bb;],4.7,,,,
fa-address-card-o,カード ジュウショ,[&#xf2bc;],4.7,,,,
fa-adjust,チョウセイ アジャスト,[&#xf042;],,,,,
fa-adn,ロゴ キギョウ,[&#xf170;],,brand,,,
fa-align-center,チュウオウヨセ センター,[&#xf037;],,,,,
fa-align-justify,トウハバ トウカンカク キントウ,[&#xf039;],,,,,
fa-align-left,ヒダリヨセ ヒダリゾロエ,[&#xf036;],,,,,
fa-align-right,ミギヨセ ミギゾロエ,[&#xf038;],,,,,
fa-amazon,ロゴ アマゾン ツウハン,[&#xf270;],4.4,,,,
fa-ambulance,トラック イリョウ メディカル,[&#xf0f9;],,,,,
fa-american-sign-language-interpreting,シュワ ハンド ランゲージ,[&#xf2a3;],4.6,,,,
fa-anchor,アンカー イカリ,[&#xf13d;],,,,,
fa-android,アンドロイド ドロイドクン,[&#xf17b;],,,,,
fa-angellist,チョキ ハサミ ピース,[&#xf209;],4.2,,,,
fa-angle-double-down,ヤジルシ ホウコウ シタ ダウン,[&#xf103;],,,,,
fa-angle-double-left,ヤジルシ ホウコウ ヒダリ,[&#xf100;],,,,,
fa-angle-double-right,ヤジルシ ホウコウ ミギ,[&#xf101;],,,,,
fa-angle-double-up,ヤジルシ ホウコウ ウエ アップ,[&#xf102;],,,,,
fa-angle-down,ヤジルシ ホウコウ シタ ダウン,[&#xf107;],,,,,
fa-angle-left,ヤジルシ ホウコウ ヒダリ,[&#xf104;],,,,,
fa-angle-right,ヤジルシ ホウコウ ミギ,[&#xf105;],,,,,
fa-angle-up,ヤジルシ ホウコウ ウエ アップ,[&#xf106;],,,,,
fa-apple,ロゴ アップル リンゴ スティーブ steve jobs,[&#xf179;],,,,,
fa-archive,ハコ ボックス ショルイ,[&#xf187;],,,,,
fa-area-chart,チャート グラフ,[&#xf1fe;],4.2,,,,
fa-arrow-circle-down,ヤジルシ ホウコウ シタ ダウン,[&#xf0ab;],,,,,
fa-arrow-circle-left,ヤジルシ ホウコウ ヒダリ,[&#xf0a8;],,,,,
fa-arrow-circle-o-down,ヤジルシ ホウコウ シタ ダウン,[&#xf01a;],,,,,
fa-arrow-circle-o-left,ヤジルシ ホウコウ ヒダリ,[&#xf190;],4,,,,
fa-arrow-circle-o-right,ヤジルシ ホウコウ ミギ,[&#xf18e;],4,,,,
fa-arrow-circle-o-up,ヤジルシ ホウコウ ウエ アップ,[&#xf01b;],,,,,
fa-arrow-circle-right,ヤジルシ ホウコウ ミギ,[&#xf0a9;],,,,,
fa-arrow-circle-up,ヤジルシ ホウコウ ウエ アップ,[&#xf0aa;],,,,,
fa-arrow-down,ヤジルシ ホウコウ シタ ダウン,[&#xf063;],,,,,
fa-arrow-left,ヤジルシ ホウコウ ヒダリ,[&#xf060;],,,,,
fa-arrow-right,ヤジルシ ホウコウ ミギ,[&#xf061;],,,,,
fa-arrow-up,ヤジルシ ホウコウ ウエ アップ,[&#xf062;],,,,,
fa-arrows,ヤジルシ ホウコウ イドウ,[&#xf047;],,,,,
fa-arrows-alt,ヤジルシ ホウコウ シュクショウ カクダイ,[&#xf0b2;],,,,,
fa-arrows-h,ヤジルシ ホウコウ ウエ サユウ,[&#xf07e;],,,,,
fa-arrows-v,ヤジルシ ホウコウ ウエ ジョウゲ,[&#xf07d;],,,,,
fa-asl-interpreting,シュワ ハンド ランゲージ,(alias)[&#xf2a3;],4.6,,,,
fa-assistive-listening-systems,ホチョウキ システム,[&#xf2a2;],4.6,,,,
fa-asterisk,アスタリスク,[&#xf069;],,,,,
fa-at,アット,[&#xf1fa;],4.2,,,,
fa-audio-description,ロゴ オーディオディスクリプション,[&#xf29e;],4.6,,,,
fa-automobile,クルマ カー ジドウシャ,(alias)[&#xf1b9;],4.1,,,,
fa-backward,モドル モドス マキモドシ バック,[&#xf04a;],,,,,
fa-balance-scale,テンビン ハカリ,[&#xf24e;],4.4,,,,
fa-ban,バン キンシ,[&#xf05e;],,,,,
fa-bandcamp,ブランド バンドキャンプ,[&#xf2d5;],4.7,,,,
fa-bank,ギンコウ バンク,(alias)[&#xf19c;],4.1,,,,
fa-bar-chart,チャート グラフ バー,[&#xf080;],,,,,
fa-bar-chart-o,チャート グラフ バー,(alias)[&#xf080;],,,,,
fa-barcode,バーコード,[&#xf02a;],,,,,
fa-bars,バー ハンバーガー ,[&#xf0c9;],,,,,
fa-bath,バス オフロ バスタブ,[&#xf2cd;],4.7,,,,
fa-bathtub,バス オフロ バスタブ,(alias)[&#xf2cd;],4.7,,,,
fa-battery,バッテリー デンチ ジュウデン フル,(alias)[&#xf240;],4.4,,,,
fa-battery-0,バッテリー デンチ ジュウデン カラ,(alias)[&#xf244;],4.4,,,,
fa-battery-1,バッテリー デンチ ジュウデン,(alias)[&#xf243;],4.4,,,,
fa-battery-2,バッテリー デンチ ジュウデン,(alias)[&#xf242;],4.4,,,,
fa-battery-3,バッテリー デンチ ジュウデン,(alias)[&#xf241;],4.4,,,,
fa-battery-4,バッテリー デンチ ジュウデン,(alias)[&#xf240;],4.4,,,,
fa-battery-empty,バッテリー デンチ ジュウデン,[&#xf244;],4.4,,,,
fa-battery-full,バッテリー デンチ ジュウデン,[&#xf240;],4.4,,,,
fa-battery-half,バッテリー デンチ ジュウデン,[&#xf242;],4.4,,,,
fa-battery-quarter,バッテリー デンチ ジュウデン,[&#xf243;],4.4,,,,
fa-battery-three-quarters,バッテリー デンチ ジュウデン,[&#xf241;],4.4,,,,
fa-bed,ベッド,[&#xf236;],4.3,,,,
fa-beer,ビール オサケ ジョッキ,[&#xf0fc;],,,,,
fa-behance,ロゴ ビハンス ソーシャル,[&#xf1b4;],4.1,sns,,,
fa-behance-square,ロゴ ビハンス ソーシャル,[&#xf1b5;],4.1,sns,,,
fa-bell,ベル カネ リンリン,[&#xf0f3;],,,,,
fa-bell-o,ベル カネ リンリン,[&#xf0a2;],,,,,
fa-bell-slash,ベル カネ リンリン キンシ,[&#xf1f6;],4.2,,,,
fa-bell-slash-o,ベル カネ リンリン キンシ,[&#xf1f7;],4.2,,,,
fa-bicycle,ジテンシャ バイク バイシクル,[&#xf206;],4.2,,,,
fa-binoculars,ソウガンキョウ メガネ,[&#xf1e5;],4.2,,,,
fa-birthday-cake,バースデーケーキ,[&#xf1fd;],4.2,,,,
fa-bitbucket,ロゴ ビットバケット,[&#xf171;],,,,,
fa-bitbucket-square,ロゴ ビットバケット,[&#xf172;],,,,,
fa-bitcoin,ロゴ ビットコイン,(alias)[&#xf15a;],,,,,
fa-black-tie,ネクタイ,[&#xf27e;],4.4,,,,
fa-blind,ブラインド シカク ショウガイ,[&#xf29d;],4.6,,,,
fa-bluetooth,ブルートゥース セキガイセン,[&#xf293;],4.5,,,,
fa-bluetooth-b,ブルートゥース セキガイセン,[&#xf294;],4.5,,,,
fa-bold,ボールド フトジ,[&#xf032;],,,,,
fa-bolt,カミナリ ボルト デンキ,[&#xf0e7;],,,,,
fa-bomb,バクダン ボム,[&#xf1e2;],4.1,,,,
fa-book,ホン ブック,[&#xf02d;],,,,,
fa-bookmark,ブックマーク シオリ,[&#xf02e;],,,,,
fa-bookmark-o,ブックマーク シオリ,[&#xf097;],,,,,
fa-braille,テンジ,[&#xf2a1;],4.6,,,,
fa-briefcase,ブリーフケース バッグ ショルイ,[&#xf0b1;],,,,,
fa-btc,ロゴ ビットコイン,[&#xf15a;],,,,,
fa-bug,ムシ バグ デバッグ,[&#xf188;],,,,,
fa-building,ビルディング,[&#xf1ad;],4.1,,,,
fa-building-o,ビルディング,[&#xf0f7;],,,,,
fa-bullhorn,カクセイキ スピーカー,[&#xf0a1;],,,,,
fa-bullseye,マト ヒョウテキ チュウシン,[&#xf140;],,,,,
fa-bus,バス トラック,[&#xf207;],4.2,,,,
fa-buysellads,ロゴ アド コウコク,[&#xf20d;],4.3,,,,
fa-cab,タクシー,(alias)[&#xf1ba;],4.1,,,,
fa-calculator,デンタク ケイサンキ カルキュレーター,[&#xf1ec;],4.2,,,,
fa-calendar,カレンダー コヨミ ヨテイ スケジュール,[&#xf073;],,,,,
fa-calendar-check-o,カレンダー コヨミ ヨテイ スケジュール,[&#xf274;],4.4,,,,
fa-calendar-minus-o,カレンダー コヨミ ヨテイ スケジュール,[&#xf272;],4.4,,,,
fa-calendar-o,カレンダー コヨミ ヨテイ スケジュール,[&#xf133;],,,,,
fa-calendar-plus-o,カレンダー コヨミ ヨテイ スケジュール,[&#xf271;],4.4,,,,
fa-calendar-times-o,カレンダー コヨミ ヨテイ スケジュール,[&#xf273;],4.4,,,,
fa-camera,カメラ ファインダー ウツルンデス,[&#xf030;],,,,,
fa-camera-retro,カメラ ファインダー レトロ ウツルンデス,[&#xf083;],,,,,
fa-car,クルマ ジドウシャ,[&#xf1b9;],4.1,,,,
fa-caret-down,キャレット ヤジルシ シタ ダウン,[&#xf0d7;],,,,,
fa-caret-left,キャレット ヤジルシ ヒダリ レフト,[&#xf0d9;],,,,,
fa-caret-right,キャレット ヤジルシ ミギ ライト,[&#xf0da;],,,,,
fa-caret-square-o-down,キャレット ヤジルシ シタ ダウン,[&#xf150;],,,,,
fa-caret-square-o-left,キャレット ヤジルシ ヒダリ レフト,[&#xf191;],4,,,,
fa-caret-square-o-right,キャレット ヤジルシ ミギ ライト,[&#xf152;],,,,,
fa-caret-square-o-up,キャレット ヤジルシ ウエ アップ,[&#xf151;],,,,,
fa-caret-up,キャレット ヤジルシ ウエ アップ,[&#xf0d8;],,,,,
fa-cart-arrow-down,カート イン ツイカ,[&#xf218;],4.3,,,,
fa-cart-plus,カート ツイカ,[&#xf217;],4.3,,,,
fa-cc,クリエイティブコモンズ ライセンス,[&#xf20a;],4.2,,,,
fa-cc-amex,クレジットカード アメックス アメリカンエキスプレス,[&#xf1f3;],4.2,,,,
fa-cc-diners-club,クレジットカード ダイナーズクラブ,[&#xf24c;],4.4,,,,
fa-cc-discover,クレジットカード ディスカバー,[&#xf1f2;],4.2,,,,
fa-cc-jcb,クレジットカード ジェイシービー,[&#xf24b;],4.4,,,,
fa-cc-mastercard,クレジットカード マスターカード,[&#xf1f1;],4.2,,,,
fa-cc-paypal,クレジットカード ペイパル,[&#xf1f4;],4.2,,,,
fa-cc-stripe,クレジットカード ストライプ,[&#xf1f5;],4.2,,,,
fa-cc-visa,クレジットカード ビサ,[&#xf1f0;],4.2,,,,
fa-certificate,ショウメイショ ライセンス,[&#xf0a3;],,,,,
fa-chain,チェーン クサリ ロック,(alias)[&#xf0c1;],,,,,
fa-chain-broken,チェーン クサリ カイジョ,[&#xf127;],,,,,
fa-check,チェック オン,[&#xf00c;],,,,,
fa-check-circle,チェック オン,[&#xf058;],,,,,
fa-check-circle-o,チェック オン,[&#xf05d;],,,,,
fa-check-square,チェック オン,[&#xf14a;],,,,,
fa-check-square-o,チェック オン,[&#xf046;],,,,,
fa-chevron-circle-down,ヤジルシ シェブロン シタ ダウン,[&#xf13a;],,,,,
fa-chevron-circle-left,ヤジルシ シェブロン ヒダリ レフト,[&#xf137;],,,,,
fa-chevron-circle-right,ヤジルシ シェブロン ミギ ライト,[&#xf138;],,,,,
fa-chevron-circle-up,ヤジルシ シェブロン ウエ アップ,[&#xf139;],,,,,
fa-chevron-down,ヤジルシ シタ ダウン,[&#xf078;],,,,,
fa-chevron-left,ヤジルシ ヒダリ レフト,[&#xf053;],,,,,
fa-chevron-right,ヤジルシ ミギ ライト,[&#xf054;],,,,,
fa-chevron-up,ヤジルシ ウエ アップ,[&#xf077;],,,,,
fa-child,チャイルド コドモ ヒトガタ,[&#xf1ae;],4.1,,,,
fa-chrome,ブラウザ クローム グーグル,[&#xf268;],4.4,,,,
fa-circle,マル サークル エン,[&#xf111;],,,,,
fa-circle-o,マル サークル エン,[&#xf10c;],,,,,
fa-circle-o-notch,マル サークル エン ノッチ,[&#xf1ce;],4.1,,,,
fa-circle-thin,マル サークル エン,[&#xf1db;],4.1,,,,
fa-clipboard,クリップボード ショルイ,[&#xf0ea;],,,,,
fa-clock-o,トケイ クロック ジカン,[&#xf017;],,,,,
fa-clone,フクセイ クローン コピー,[&#xf24d;],4.4,,,,
fa-close,トジル クローズ バツ クロス サクジョ,(alias)[&#xf00d;],,,,,
fa-cloud,クモ クラウド モクモク,[&#xf0c2;],,,,,
fa-cloud-download,クモ クラウド ダウンロード,[&#xf0ed;],,,,,
fa-cloud-upload,クモ クラウド アップロード,[&#xf0ee;],,,,,
fa-cny,エン yen タンイ,(alias)[&#xf157;],,,,,
fa-code,コード プログラム ソースコード,[&#xf121;],,,,,
fa-code-fork,フォーク ブランチ,[&#xf126;],,,,,
fa-codepen,ロゴ コードペン,[&#xf1cb;],4.1,sns,,,
fa-codiepie,ロゴ コミュニティ,[&#xf284;],4.5,,,,
fa-coffee,コーヒー カップ カフェ,[&#xf0f4;],,,,,
fa-cog,ハグルマ ギア セッテイ,[&#xf013;],,,,,
fa-cogs,ハグルマ ギア セッテイ,[&#xf085;],,,,,
fa-columns,カラム ワク フクスウ,[&#xf0db;],,,,,
fa-comment,フキダシ バルーン コメント,[&#xf075;],,,,,
fa-comment-o,フキダシ バルーン コメント,[&#xf0e5;],,,,,
fa-commenting,フキダシ バルーン コメント,[&#xf27a;],4.4,,,,
fa-commenting-o,フキダシ バルーン コメント,[&#xf27b;],4.4,,,,
fa-comments,フキダシ バルーン コメント,[&#xf086;],,,,,
fa-comments-o,フキダシ バルーン コメント,[&#xf0e6;],,,,,
fa-compass,コンパス ホウイジシャク,[&#xf14e;],,,,,
fa-compress,アッシュク コンプレス チジメル,[&#xf066;],,,,,
fa-connectdevelop,ロゴ ダイヤモンド レンケイ カイハツ,[&#xf20e;],4.3,,,,
fa-contao,ロゴ オープンソース cms コンテンツマネージメントシステム,[&#xf26d;],4.4,,,,
fa-copy,コピー フクセイ クローン フクスウ,(alias)[&#xf0c5;],,,,,
fa-copyright,コピーライト シーマーク コピー,[&#xf1f9;],4.2,,,,
fa-creative-commons,クリエイティブコモンズ,[&#xf25e;],4.4,,,,
fa-credit-card,クレジットカード クレカ,[&#xf09d;],,,,,
fa-credit-card-alt,クレジットカード クレカ,[&#xf283;],4.5,,,,
fa-crop,キリトリ キリヌキ クロップ,[&#xf125;],,,,,
fa-crosshairs,クロスヘアー ターゲット ヒョウテキ,[&#xf05b;],,,,,
fa-css3,ロゴ コード シーエスエス カスケーディングスタイルシート,[&#xf13c;],,,,,
fa-cube,キューブ タメンタイ シカク,[&#xf1b2;],4.1,,,,
fa-cubes,キューブ タメンタイ シカク フクスウ,[&#xf1b3;],4.1,,,,
fa-cut,カット ハサミ シザー,(alias)[&#xf0c4;],,,,,
fa-cutlery,カトラリー ナイフ フォーク ショッキ,[&#xf0f5;],,,,,
fa-dashboard,ダッシュボード メーター タコメーター,(alias)[&#xf0e4;],,,,,
fa-dashcube,ロゴ アプリケーション コミュニケーション ツール,[&#xf210;],4.3,,,,
fa-database,データベース ストレージ コイン,[&#xf1c0;],4.1,,,,
fa-deaf,チョウカク ショウガイ,[&#xf2a4;],4.6,,,,
fa-deafness,チョウカク ショウガイ,(alias)[&#xf2a4;],4.6,,,,
fa-dedent,デデント ソースコード,(alias)[&#xf03b;],,,,,
fa-delicious,ロゴ デリシャス,[&#xf1a5;],4.1,,,,
fa-desktop,デスクトップ パソコン モニター,[&#xf108;],,,,,
fa-deviantart,ロゴ コミュニティ アート デビアントアート,[&#xf1bd;],4.1,,,,
fa-diamond,ダイアモンド ダイヤモンド ホウセキ,[&#xf219;],4.3,,,,
fa-digg,ロゴ,[&#xf1a6;],4.1,,,,
fa-dollar,ドル ダラー タンイ,(alias)[&#xf155;],,,,,
fa-dot-circle-o,ドット マル エン サークル,[&#xf192;],4,,,,
fa-download,ダウンロード,[&#xf019;],,,,,
fa-dribbble,ロゴ ドリブル,[&#xf17d;],,sns,,,
fa-drivers-license,メンキョショウ ドライバー カード ショウメイショ,(alias)[&#xf2c2;],4.7,,,,
fa-drivers-license-o,メンキョショウ ドライバー カード ショウメイショ,(alias)[&#xf2c3;],4.7,,,,
fa-dropbox,ロゴ ドロップボックス ハコ,[&#xf16b;],,,,,
fa-drupal,ロゴ,[&#xf1a9;],4.1,,,,
fa-edge,ブラウザ マイクロソフト エッジ エムエス,[&#xf282;],4.5,,,,
fa-edit,ヘンシュウ エディター カキカエ ウワガキ,(alias)[&#xf044;],,,,,
fa-eercast,ロゴ ライブ ストリーム アプリケーション,[&#xf2da;],4.7,,,,
fa-eject,イジェクト 取り出し,[&#xf052;],,,,,
fa-ellipsis-h,ショウリャク ドット,[&#xf141;],,,,,
fa-ellipsis-v,ショウリャク ドット,[&#xf142;],,,,,
fa-empire,ロゴ エンパイア ニュース,[&#xf1d1;],4.1,,,,
fa-envelope,テガミ メール フウトウ,[&#xf0e0;],,,,,
fa-envelope-o,テガミ メール フウトウ,[&#xf003;],,,,,
fa-envelope-open,テガミ メール フウトウ,[&#xf2b6;],4.7,,,,
fa-envelope-open-o,テガミ メール フウトウ,[&#xf2b7;],4.7,,,,
fa-envelope-square,テガミ メール フウトウ,[&#xf199;],4.1,,,,
fa-envira,ロゴ ワードプレス ギャラリー,[&#xf299;],4.6,,,,
fa-eraser,ケシゴム イレーサー,[&#xf12d;],,,,,
fa-etsy,ショッピング,[&#xf2d7;],4.7,,,,
fa-eur,ユーロ タンイ,[&#xf153;],,,,,
fa-euro,ユーロ タンイ,(alias)[&#xf153;],,,,,
fa-exchange,エクスチェンジ リョウガエ イレカエ,[&#xf0ec;],,,,,
fa-exclamation,ビックリマーク エクスクラメーション チュウイ,[&#xf12a;],,,,,
fa-exclamation-circle,ビックリマーク エクスクラメーション チュウイ,[&#xf06a;],,,,,
fa-exclamation-triangle,ビックリマーク エクスクラメーション チュウイ,[&#xf071;],,,,,
fa-expand,ヤジルシ ヒキノバシ カクダイ,[&#xf065;],,,,,
fa-expeditedssl,カギ ロック,[&#xf23e;],4.4,,,,
fa-external-link,ヤジルシ ガイブリンク ブランク,[&#xf08e;],,,,,
fa-external-link-square,ヤジルシ ガイブリンク ブランク,[&#xf14c;],,,,,
fa-eye,メ アイ ヒョウジ,[&#xf06e;],,,,,
fa-eye-slash,メ アイ ヒヒョウジ,[&#xf070;],,,,,
fa-eyedropper,メグスリ チュウチャ,[&#xf1fb;],4.2,,,,
fa-fa,ロゴ ハタ フラッグ,(alias)[&#xf2b4;],4.6,,,,
fa-facebook,ロゴ フェイスブック fb,[&#xf09a;],,,,,
fa-facebook-f,ロゴ フェイスブック fb,(alias)[&#xf09a;],,,,,
fa-facebook-official,ロゴ フェイスブック fb,[&#xf230;],4.3,,,,
fa-facebook-square,ロゴ フェイスブック fb,[&#xf082;],,,,,
fa-fast-backward,モドル マキモドシ アタマ,[&#xf049;],,,,,
fa-fast-forward,ススム サイゴ,[&#xf050;],,,,,
fa-fax,ファックス デンワ,[&#xf1ac;],4.1,,,,
fa-feed,フィード デンパ,(alias)[&#xf09e;],,,,,
fa-female,オンナノコ ジョセイ ヒト,[&#xf182;],,,,,
fa-fighter-jet,ジェット ヒコウキ,[&#xf0fb;],,,,,
fa-file,ファイル データ,[&#xf15b;],,,,,
fa-file-archive-o,ファイル データ,[&#xf1c6;],4.1,,,,
fa-file-audio-o,ファイル データ オンガク,[&#xf1c7;],4.1,,,,
fa-file-code-o,ファイル データ コード,[&#xf1c9;],4.1,,,,
fa-file-excel-o,ファイル データ エクセル,[&#xf1c3;],4.1,,,,
fa-file-image-o,ファイル データ シャシン ガゾウ イメージ,[&#xf1c5;],4.1,,,,
fa-file-movie-o,ファイル データ ムービー,(alias)[&#xf1c8;],4.1,,,,
fa-file-o,ファイル ショルイ データ,[&#xf016;],,,,,
fa-file-pdf-o,ファイル データ,[&#xf1c1;],4.1,,,,
fa-file-photo-o,ファイル データ シャシン ガゾウ イメージ,(alias)[&#xf1c5;],4.1,,,,
fa-file-picture-o,ファイル データ シャシン ガゾウ イメージ,(alias)[&#xf1c5;],4.1,,,,
fa-file-powerpoint-o,ファイル データ パワーポイント,[&#xf1c4;],4.1,,,,
fa-file-sound-o,ファイル データ オンリョウ,(alias)[&#xf1c7;],4.1,,,,
fa-file-text,ファイル ショルイ データ,[&#xf15c;],,,,,
fa-file-text-o,ファイル ショルイ データ,[&#xf0f6;],,,,,
fa-file-video-o,ファイル データ ムービー,[&#xf1c8;],4.1,,,,
fa-file-word-o,ファイル データ ワード,[&#xf1c2;],4.1,,,,
fa-file-zip-o,ファイル データ ジップ,(alias)[&#xf1c6;],4.1,,,,
fa-files-o,ファイル ショルイ データ フクスウ,[&#xf0c5;],,,,,
fa-film,フィルム,[&#xf008;],,,,,
fa-filter,フィルター ロウト,[&#xf0b0;],,,,,
fa-fire,ファイヤー ファイアー ホノオ ヒ,[&#xf06d;],,,,,
fa-fire-extinguisher,ショウカキ ファイアー,[&#xf134;],,,,,
fa-firefox,ブラウザ ファイアーフォックス キツネ,[&#xf269;],4.4,,,,
fa-first-order,ロゴ ファーストオーダー,[&#xf2b0;],4.6,,,,
fa-flag,ハタ フラッグ,[&#xf024;],,,,,
fa-flag-checkered,ハタ フラッグ  チェッカーフラッグ,[&#xf11e;],,,,,
fa-flag-o,ハタ フラッグ,[&#xf11d;],,,,,
fa-flash,フラッシュ デンゲキ カミナリ,(alias)[&#xf0e7;],,,,,
fa-flask,フラスコ,[&#xf0c3;],,,,,
fa-flickr,ロゴ フリッカー,[&#xf16e;],,sns,,,
fa-floppy-o,フロッピー ホゾン,[&#xf0c7;],,,,,
fa-folder,フォルダー,[&#xf07b;],,,,,
fa-folder-o,フォルダー,[&#xf114;],,,,,
fa-folder-open,フォルダー,[&#xf07c;],,,,,
fa-folder-open-o,フォルダー,[&#xf115;],,,,,
fa-font,フォント,[&#xf031;],,,,,
fa-font-awesome,ロゴ フォント フォントオーサム ハタ フラッグ,[&#xf2b4;],4.6,,,,
fa-fonticons,ロゴ フォントアイコン,[&#xf280;],4.4,,,,
fa-fort-awesome,オシロ,[&#xf286;],4.5,,,,
fa-forumbee,ロゴ コミュニティ フォーラム,[&#xf211;],4.3,,,,
fa-forward,ススム ススメル,[&#xf04e;],,,,,
fa-foursquare,ロゴ フォースクエア,[&#xf180;],,,,,
fa-free-code-camp,ロゴ コードキャンプ,[&#xf2c5;],4.7,,,,
fa-frown-o,カオモジ,[&#xf119;],,,,,
fa-futbol-o,サッカー フットボール,[&#xf1e3;],4.2,,,,
fa-gamepad,ゲームパッド ファミコン スーファミ,[&#xf11b;],,,,,
fa-gavel,ハンマー カナヅチ トンカチ,[&#xf0e3;],,,,,
fa-gbp,ポンド タンイ,[&#xf154;],,,,,
fa-ge,ロゴ,(alias)[&#xf1d1;],4.1,,,,
fa-gear,ギヤ セッテイ,(alias)[&#xf013;],,,,,
fa-gears,ギヤ セッテイ フクスウ,(alias)[&#xf085;],,,,,
fa-genderless,ジェンダーレス セイベツ,[&#xf22d;],4.4,,,,
fa-get-pocket,ロゴ ポケット アトデヨム,[&#xf265;],4.4,,,,
fa-gg,ロゴ,[&#xf260;],4.4,,,,
fa-gg-circle,ロゴ,[&#xf261;],4.4,,,,
fa-gift,ギフト プレゼント,[&#xf06b;],,,,,
fa-git,ロゴ ギット,[&#xf1d3;],4.1,,,,
fa-git-square,ロゴ ギット,[&#xf1d2;],4.1,,,,
fa-github,ロゴ ギットハブ,[&#xf09b;],,,,,
fa-github-alt,ロゴ ギットハブ,[&#xf113;],,,,,
fa-github-square,ロゴ ギットハブ,[&#xf092;],,,,,
fa-gitlab,ロゴ ギットラブ,[&#xf296;],4.6,,,,
fa-gittip,ロゴ ギットチップ,(alias)[&#xf184;],,,,,
fa-glass,グラス,[&#xf000;],,,,,
fa-glide,ロゴ グライド,[&#xf2a5;],4.6,,,,
fa-glide-g,ロゴ グライド,[&#xf2a6;],4.6,,,,
fa-globe,ロゴ グローブ チキュウ アース,[&#xf0ac;],,,,,
fa-google,ロゴ グーグル,[&#xf1a0;],4.1,,,,
fa-google-plus,ロゴ グーグルプラス,[&#xf0d5;],,,,,
fa-google-plus-circle,ロゴ グーグルプラス,(alias)[&#xf2b3;],4.6,,,,
fa-google-plus-official,ロゴ グーグルプラス,[&#xf2b3;],4.6,,,,
fa-google-plus-square,ロゴ グーグルプラス,[&#xf0d4;],,,,,
fa-google-wallet,ロゴ グーグルウォレット,[&#xf1ee;],4.2,,,,
fa-graduation-cap,ハカセボウ ボウシ,[&#xf19d;],4.1,,,,
fa-gratipay,ロゴ オープンソース,[&#xf184;],,,,,
fa-grav,ロゴ cms コンテンツマネジメントシステム グラブ,[&#xf2d6;],4.7,,,,
fa-group,グループ フクスウ,(alias)[&#xf0c0;],,,,,
fa-h-square,ミダシ ヘディング,[&#xf0fd;],,,,,
fa-hacker-news,ロゴ ハッカーニュース ワイ,[&#xf1d4;],4.1,,,,
fa-hand-grab-o,ハンド ツカム グラブ グローブ,(alias)[&#xf255;],4.4,,,,
fa-hand-lizard-o,ハンド カゲエ テシンゴウ,[&#xf258;],4.4,,,,
fa-hand-o-down,ハンド シタ ダウン,[&#xf0a7;],,,,,
fa-hand-o-left,ハンド ヒダリ レフト,[&#xf0a5;],,,,,
fa-hand-o-right,ハンド ミギ ライト,[&#xf0a4;],,,,,
fa-hand-o-up,ハンド ウエ アップ,[&#xf0a6;],,,,,
fa-hand-paper-o,ハンド パー グローブ,[&#xf256;],4.4,,,,
fa-hand-peace-o,ハンド チョキ ピース,[&#xf25b;],4.4,,,,
fa-hand-pointer-o,ハンド ポインター,[&#xf25a;],4.4,,,,
fa-hand-rock-o,ハンド ツカム グラブ グローブ,[&#xf255;],4.4,,,,
fa-hand-scissors-o,ハンド チョキ ピース,[&#xf257;],4.4,,,,
fa-hand-spock-o,ハンド チョキ ピース スポック,[&#xf259;],4.4,,,,
fa-hand-stop-o,ハンド パー ストップ グローブ,(alias)[&#xf256;],4.4,,,,
fa-handshake-o,アクシュ ハンドシェイク,[&#xf2b5;],4.7,,,,
fa-hard-of-hearing,チョウカク ショウガイ,(alias)[&#xf2a4;],4.6,,,,
fa-hashtag,ハッシュタグ シャープ,[&#xf292;],4.5,,,,
fa-hdd-o,ハードディスク,[&#xf0a0;],,,,,
fa-header,ヘッダー,[&#xf1dc;],4.1,,,,
fa-headphones,ヘッドフォン,[&#xf025;],,,,,
fa-heart,ハートマーク,[&#xf004;],,,,,
fa-heart-o,ハートマーク,[&#xf08a;],,,,,
fa-heartbeat,ハートビート シンパクスウ,[&#xf21e;],4.3,,,,
fa-history,リレキ ヒストリー トケイ,[&#xf1da;],4.1,,,,
fa-home,イエ ホーム ハウス,[&#xf015;],,,,,
fa-hospital-o,ビョウイン ホスピタル,[&#xf0f8;],,,,,
fa-hotel,ホテル,(alias)[&#xf236;],4.3,,,,
fa-hourglass,スナドケイ,[&#xf254;],4.4,,,,
fa-hourglass-1,スナドケイ,(alias)[&#xf251;],4.4,,,,
fa-hourglass-2,スナドケイ,(alias)[&#xf252;],4.4,,,,
fa-hourglass-3,スナドケイ,(alias)[&#xf253;],4.4,,,,
fa-hourglass-end,スナドケイ オワリ エンド,[&#xf253;],4.4,,,,
fa-hourglass-half,スナドケイ ハンブン トチュウ,[&#xf252;],4.4,,,,
fa-hourglass-o,スナドケイ,[&#xf250;],4.4,,,,
fa-hourglass-start,スナドケイ カイシ スタート,[&#xf251;],4.4,,,,
fa-houzz,ロゴ ハウズ,[&#xf27c;],4.4,,,,
fa-html5,ロゴ コード ハイパーテキスト,[&#xf13b;],,,,,
fa-i-cursor,カーソル,[&#xf246;],4.4,,,,
fa-id-badge,バッヂ バッジ バッチ シャインショウ,[&#xf2c1;],4.7,,,,
fa-id-card,カード シャシンショウ,[&#xf2c2;],4.7,,,,
fa-id-card-o,カード シャシンショウ,[&#xf2c3;],4.7,,,,
fa-ils,イスラエルシュケル タンイ,[&#xf20b;],4.2,,,,
fa-image,イメージ シャシン ガゾウ ファイル,(alias)[&#xf03e;],,,,,
fa-imdb,ロゴ インターネットムービーデータベース,[&#xf2d8;],4.7,,,,
fa-inbox,ロゴ インボックス,[&#xf01c;],,,,,
fa-indent,インデント ソースコード,[&#xf03c;],,,,,
fa-industry,コウジョウ,[&#xf275;],4.4,,,,
fa-info,ジョウホウ オシラセ,[&#xf129;],,,,,
fa-info-circle,ジョウホウ オシラセ,[&#xf05a;],,,,,
fa-inr,インドルピー タンイ,[&#xf156;],,,,,
fa-instagram,ロゴ インスタグラム,[&#xf16d;],4.6,,,,
fa-institution,キョウカイ ガッカイ キカン,(alias)[&#xf19c;],4.1,,,,
fa-internet-explorer,ブラウザ アイイー ie インターネットエクスプローラー,[&#xf26b;],4.4,,,,
fa-intersex,インターセックス,(alias)[&#xf224;],4.3,,,,
fa-ioxhost,ロゴ ホスティング,[&#xf208;],4.2,,,,
fa-italic,シャタイ イタリック,[&#xf033;],,,,,
fa-joomla,ロゴ オープンソース cms コンテンツマネジメントシステム,[&#xf1aa;],4.1,,,,
fa-jpy,エン ジャパン タンイ,[&#xf157;],,,,,
fa-jsfiddle,ロゴ ソースコード ジェイエスフィドル,[&#xf1cc;],4.1,,,,
fa-key,カギ キー,[&#xf084;],,,,,
fa-keyboard-o,キーボード,[&#xf11c;],,,,,
fa-krw,コリアウォン タンイ,[&#xf159;],,,,,
fa-language,ゲンゴ,[&#xf1ab;],4.1,,,,
fa-laptop,ラップトップ ノートパソコン,[&#xf109;],,,,,
fa-lastfm,ロゴ ラストエフエム,[&#xf202;],4.2,,,,
fa-lastfm-square,ロゴ ラストエフエム,[&#xf203;],4.2,,,,
fa-leaf,リーフ ハッパ,[&#xf06c;],,,,,
fa-leanpub,ロゴ ラーンパブ ブック ホン,[&#xf212;],4.3,,,,
fa-legal,ハンマー トンカチ カナヅチ,(alias)[&#xf0e3;],,,,,
fa-lemon-o,レモン,[&#xf094;],,,,,
fa-level-down,ヤジルシ レベルダウン,[&#xf149;],,,,,
fa-level-up,ヤジルシ レベルアップ,[&#xf148;],,,,,
fa-life-bouy,ライフブーイ,(alias)[&#xf1cd;],4.1,,,,
fa-life-buoy,ライフブーイ,(alias)[&#xf1cd;],4.1,,,,
fa-life-ring,ライフリング,[&#xf1cd;],4.1,,,,
fa-life-saver,ライフセーバー,(alias)[&#xf1cd;],4.1,,,,
fa-lightbulb-o,デンキュウ ライト バルブ ヒラメキ,[&#xf0eb;],,,,,
fa-line-chart,セングラフ ラインチャート,[&#xf201;],4.2,,,,
fa-link,リンク クサリ チェーン,[&#xf0c1;],,,,,
fa-linkedin,ロゴ リンクドイン,[&#xf0e1;],,,,,
fa-linkedin-square,ロゴ リンクドイン,[&#xf08c;],,,,,
fa-linode,ロゴ ,[&#xf2b8;],4.7,,,,
fa-linux,ロゴ リナックス ペンギン,[&#xf17c;],,,,,
fa-list,リスト,[&#xf03a;],,,,,
fa-list-alt,リスト,[&#xf022;],,,,,
fa-list-ol,バンゴウツキリスト,[&#xf0cb;],,,,,
fa-list-ul,フゴウリスト,[&#xf0ca;],,,,,
fa-location-arrow,ヤジルシ ゲンザイチ コンパス,[&#xf124;],,,,,
fa-lock,カギ ロック,[&#xf023;],,,,,
fa-long-arrow-down,ヤジルシ シタ ダウン,[&#xf175;],,,,,
fa-long-arrow-left,ヤジルシ ヒダリ レフト,[&#xf177;],,,,,
fa-long-arrow-right,ヤジルシ ミギ ライト,[&#xf178;],,,,,
fa-long-arrow-up,ヤジルシ ウエ アップ,[&#xf176;],,,,,
fa-low-vision,カクス メ,[&#xf2a8;],4.6,,,,
fa-magic,マジック マホウ ステッキ ポッキー,[&#xf0d0;],,,,,
fa-magnet,マグネット ジシャク,[&#xf076;],,,,,
fa-mail-forward,ヤジルシ ススム オクル,(alias)[&#xf064;],,,,,
fa-mail-reply,ヤジルシ モドル ヘンシン バック,(alias)[&#xf112;],,,,,
fa-mail-reply-all,ヤジルシ モドル ヘンシン バック フクスウ,(alias)[&#xf122;],,,,,
fa-male,ダンセイ オトコノコ セイベツ,[&#xf183;],,,,,
fa-map,チズ マップ,[&#xf279;],4.4,,,,
fa-map-marker,チズ マーカー ゲンザイチ,[&#xf041;],,,,,
fa-map-o,チズ マップ,[&#xf278;],4.4,,,,
fa-map-pin,チズ ピン,[&#xf276;],4.4,,,,
fa-map-signs,チズ カンバン,[&#xf277;],4.4,,,,
fa-mars,マーズ カセイ,[&#xf222;],4.3,,,,
fa-mars-double,マーズ カセイ,[&#xf227;],4.3,,,,
fa-mars-stroke,マーズ カセイ,[&#xf229;],4.3,,,,
fa-mars-stroke-h,マーズ カセイ,[&#xf22b;],4.3,,,,
fa-mars-stroke-v,マーズ カセイ,[&#xf22a;],4.3,,,,
fa-maxcdn,ロゴ マックスシーディーエヌ,[&#xf136;],,,,,
fa-meanpath,ロゴ ミーンパス,[&#xf20c;],4.2,,,,
fa-medium,ロゴ メディウム,[&#xf23a;],4.3,,,,
fa-medkit,キュウキュウバコ イリョウ バッグ,[&#xf0fa;],,,,,
fa-meetup,ロゴ ミートアップ,[&#xf2e0;],4.7,,,,
fa-meh-o,カオモジ マア,[&#xf11a;],,,,,
fa-mercury,マーキュリー スイセイ,[&#xf223;],4.3,,,,
fa-microchip,マイクロチップ IoT,[&#xf2db;],4.7,,,,
fa-microphone,マイク スピーチ,[&#xf130;],,,,,
fa-microphone-slash,マイクオフ,[&#xf131;],,,,,
fa-minus,マイナス バー,[&#xf068;],,,,,
fa-minus-circle,マイナス バー,[&#xf056;],,,,,
fa-minus-square,マイナス バー,[&#xf146;],,,,,
fa-minus-square-o,マイナス バー,[&#xf147;],,,,,
fa-mixcloud,ロゴ ミックスクラウド,[&#xf289;],4.5,,,,
fa-mobile,モバイル,[&#xf10b;],,,,,
fa-mobile-phone,スマートフォン スマホ iphone android,(alias)[&#xf10b;],,,,,
fa-modx,ロゴ cms コンテンツマネジメントシステム,[&#xf285;],4.5,,,,
fa-money,マネー オカネ シヘイ,[&#xf0d6;],,,,,
fa-moon-o,ムーン ツキ ミカヅキ,[&#xf186;],,,,,
fa-mortar-board,ボウシ,(alias)[&#xf19d;],4.1,,,,
fa-motorcycle,モーターバイク,[&#xf21c;],4.3,,,,
fa-mouse-pointer,マウスポインター,[&#xf245;],4.4,,,,
fa-music,ミュージック オンプ,[&#xf001;],,,,,
fa-navicon,ナビアイコン,(alias)[&#xf0c9;],,,,,
fa-neuter,ムシメガネ,[&#xf22c;],4.3,,,,
fa-newspaper-o,シンブン ニュース,[&#xf1ea;],4.2,,,,
fa-object-group,オブジェクト グループ ハンドル,[&#xf247;],4.4,,,,
fa-object-ungroup,オブジェクト グループ ハンドル,[&#xf248;],4.4,,,,
fa-odnoklassniki,アドナクラースニキ,[&#xf263;],4.4,,,,
fa-odnoklassniki-square,アドナクラースニキ,[&#xf264;],4.4,,,,
fa-opencart,ロゴ オープンカート オープンソース,[&#xf23d;],4.4,,,,
fa-openid,ロゴ オープンアイディー,[&#xf19b;],4.1,,,,
fa-opera,オベラ ブラウザ,[&#xf26a;],4.4,,,,
fa-optin-monster,ロゴ モンスター,[&#xf23c;],4.4,,,,
fa-outdent,アウトデント コード,[&#xf03b;],,,,,
fa-pagelines,ロゴ ページラインズ ワードプレス,[&#xf18c;],4,,,,
fa-paint-brush,ブラシ,[&#xf1fc;],4.2,,,,
fa-paper-plane,カミヒコウキ,[&#xf1d8;],4.1,,,,
fa-paper-plane-o,カミヒコウキ,[&#xf1d9;],4.1,,,,
fa-paperclip,ペーパークリップ テンプ,[&#xf0c6;],,,,,
fa-paragraph,パラグラフ ダンラク,[&#xf1dd;],4.1,,,,
fa-paste,ハリツケ ペースト,(alias)[&#xf0ea;],,,,,
fa-pause,ポーズ テイシ,[&#xf04c;],,,,,
fa-pause-circle,ポーズ テイシ,[&#xf28b;],4.5,,,,
fa-pause-circle-o,ポーズ テイシ,[&#xf28c;],4.5,,,,
fa-paw,アシアト api,[&#xf1b0;],4.1,,,,
fa-paypal,ロゴ ペイパル,[&#xf1ed;],4.2,,,,
fa-pencil,エンピツ ヘンシュウ ペンシル,[&#xf040;],,,,,
fa-pencil-square,エンピツ ヘンシュウ ペンシル,[&#xf14b;],,,,,
fa-pencil-square-o,エンピツ ヘンシュウ ペンシル,[&#xf044;],,,,,
fa-percent,パーセント ワリアイ,[&#xf295;],4.5,,,,
fa-phone,デンワ,[&#xf095;],,,,,
fa-phone-square,デンワ,[&#xf098;],,,,,
fa-photo,シャシン,(alias)[&#xf03e;],,,,,
fa-picture-o,シャシン,[&#xf03e;],,,,,
fa-pie-chart,エングラフ パイチャート,[&#xf200;],4.2,,,,
fa-pied-piper,ロゴ パイドパイパー ストレージ,[&#xf2ae;],4.6,,,,
fa-pied-piper-alt,ロゴ パイドパイパー ストレージ,[&#xf1a8;],4.1,,,,
fa-pied-piper-pp,ロゴ パイドパイパー ストレージ,[&#xf1a7;],4.1,,,,
fa-pinterest,ロゴ ピンタレスト,[&#xf0d2;],,,,,
fa-pinterest-p,ロゴ ピンタレスト,[&#xf231;],4.3,,,,
fa-pinterest-square,ロゴ ピンタレスト,[&#xf0d3;],,,,,
fa-plane,ヒコウキ,[&#xf072;],,,,,
fa-play,サイセイ プレイ スタート,[&#xf04b;],,,,,
fa-play-circle,サイセイ プレイ スタート,[&#xf144;],,,,,
fa-play-circle-o,サイセイ プレイ スタート,[&#xf01d;],,,,,
fa-plug,プラグ デンゲン コンセント,[&#xf1e6;],4.2,,,,
fa-plus,プラス,[&#xf067;],,,,,
fa-plus-circle,プラス,[&#xf055;],,,,,
fa-plus-square,プラス,[&#xf0fe;],,,,,
fa-plus-square-o,プラス,[&#xf196;],4,,,,
fa-podcast,ポッドキャスト,[&#xf2ce;],4.7,,,,
fa-power-off,デンゲンオフ パワーオフ,[&#xf011;],,,,,
fa-print,プリント プリンター,[&#xf02f;],,,,,
fa-product-hunt,ロゴ プロダクトハント,[&#xf288;],4.5,,,,
fa-puzzle-piece,パズルピース,[&#xf12e;],,,,,
fa-qq,ロゴ,[&#xf1d6;],4.1,,,,
fa-qrcode,qrコード,[&#xf029;],,,,,
fa-question,シツモン クエスションマーク ハテナ,[&#xf128;],,,,,
fa-question-circle,シツモン クエスションマーク ハテナ,[&#xf059;],,,,,
fa-question-circle-o,シツモン クエスションマーク ハテナ,[&#xf29c;],4.6,,,,
fa-quora,ロゴ コミュニティ,[&#xf2c4;],4.7,,,,
fa-quote-left,インヨウ クオート,[&#xf10d;],,,,,
fa-quote-right,インヨウ クオート,[&#xf10e;],,,,,
fa-ra,,(alias)[&#xf1d0;],4.1,,,,
fa-random,ランダム クロス ブランチ,[&#xf074;],,,,,
fa-ravelry,ロゴ コミュニティ,[&#xf2d9;],4.7,,,,
fa-rebel,,[&#xf1d0;],4.1,,,,
fa-recycle,リサイクルマーク,[&#xf1b8;],4.1,,,,
fa-reddit,ロゴ コミュニティ,[&#xf1a1;],4.1,,,,
fa-reddit-alien,ロゴ コミュニティ,[&#xf281;],4.5,,,,
fa-reddit-square,ロゴ コミュニティ,[&#xf1a2;],4.1,,,,
fa-refresh,リフレッシュ コウシン リロード,[&#xf021;],,,,,
fa-registered,トウロクズミ,[&#xf25d;],4.4,,,,
fa-remove,バツ サクジョ トジル,(alias)[&#xf00d;],,,,,
fa-renren,ロゴ,[&#xf18b;],,,,,
fa-reorder,ナラビカエ,(alias)[&#xf0c9;],,,,,
fa-repeat,クリカエシ リピート,[&#xf01e;],,,,,
fa-reply,ヤジルシ ヘンシン,[&#xf112;],,,,,
fa-reply-all,ヤジルシ ヘンシン,[&#xf122;],,,,,
fa-resistance,,(alias)[&#xf1d0;],4.1,,,,
fa-retweet,リツイート,[&#xf079;],,,,,
fa-rmb,エン タンイ,(alias)[&#xf157;],,,,,
fa-road,ロード ドウロ ミチ,[&#xf018;],,,,,
fa-rocket,ロケット,[&#xf135;],,,,,
fa-rotate-left,ヤジルシ カイテン ヒダリ,(alias)[&#xf0e2;],,,,,
fa-rotate-right,ヤジルシ カイテン ミギ,(alias)[&#xf01e;],,,,,
fa-rouble,ロシアルーブル,(alias)[&#xf158;],4,,,,
fa-rss,アールエスエス,[&#xf09e;],,,,,
fa-rss-square,アールエスエス,[&#xf143;],,,,,
fa-rub,ロシアルーブル,[&#xf158;],4,,,,
fa-ruble,ロシアルーブル,(alias)[&#xf158;],4,,,,
fa-rupee,ルピー,(alias)[&#xf156;],,,,,
fa-s15,バスタブ,(alias)[&#xf2cd;],4.7,,,,
fa-safari,ブラウザ サファリ,[&#xf267;],4.4,,,,
fa-save,ホゾン フロッピー,(alias)[&#xf0c7;],,,,,
fa-scissors,ハサミ シザー カット,[&#xf0c4;],,,,,
fa-scribd,ロゴ,[&#xf28a;],4.5,,,,
fa-search,ケンサク ムシメガネ サーチ,[&#xf002;],,,,,
fa-search-minus,シュクショウ ムシメガネ,[&#xf010;],,,,,
fa-search-plus,カクダイ ムシメガネ,[&#xf00e;],,,,,
fa-sellsy,ロゴ,[&#xf213;],4.3,,,,
fa-send,ソウシン,(alias)[&#xf1d8;],4.1,,,,
fa-send-o,ソウシン,(alias)[&#xf1d9;],4.1,,,,
fa-server,サーバー,[&#xf233;],4.3,,,,
fa-share,シェア,[&#xf064;],,,,,
fa-share-alt,シェア,[&#xf1e0;],4.1,,,,
fa-share-alt-square,シェア,[&#xf1e1;],4.1,,,,
fa-share-square,シェア,[&#xf14d;],,,,,
fa-share-square-o,シェア,[&#xf045;],,,,,
fa-shekel,イスラエルシケル,(alias)[&#xf20b;],4.2,,,,
fa-sheqel,イスラエルシケル,(alias)[&#xf20b;],4.2,,,,
fa-shield,タテ シールド,[&#xf132;],,,,,
fa-ship,フネ シップ,[&#xf21a;],4.3,,,,
fa-shirtsinbulk,ロゴ,[&#xf214;],4.3,,,,
fa-shopping-bag,ショッピングバッグ カイモノバッグ,[&#xf290;],4.5,,,,
fa-shopping-basket,カイモノカゴ,[&#xf291;],4.5,,,,
fa-shopping-cart,ショッピングカート,[&#xf07a;],,,,,
fa-shower,シャワー,[&#xf2cc;],4.7,,,,
fa-sign-in,サインイン ログイン,[&#xf090;],,,,,
fa-sign-language,シュワ ハンド,[&#xf2a7;],4.6,,,,
fa-sign-out,サインアウト ログアウト,[&#xf08b;],,,,,
fa-signal,グラフ,[&#xf012;],,,,,
fa-signing,シュワ ハンド,(alias)[&#xf2a7;],4.6,,,,
fa-simplybuilt,ロゴ,[&#xf215;],4.3,,,,
fa-sitemap,サイトマップ,[&#xf0e8;],,,,,
fa-skyatlas,ロゴ,[&#xf216;],4.3,,,,
fa-skype,ロゴ スカイプ,[&#xf17e;],,,,,
fa-slack,ロゴ スラック,[&#xf198;],4.1,,,,
fa-sliders,スライダー,[&#xf1de;],4.1,,,,
fa-slideshare,ロゴ スライドシェア,[&#xf1e7;],4.2,,,,
fa-smile-o,カオモジ スマイル,[&#xf118;],,,,,
fa-snapchat,ロゴ スナップチャット,[&#xf2ab;],4.6,,,,
fa-snapchat-ghost,ロゴ スナップチャット,[&#xf2ac;],4.6,,,,
fa-snapchat-square,ロゴ スナップチャット,[&#xf2ad;],4.6,,,,
fa-snowflake-o,ユキ ケッショウ,[&#xf2dc;],4.7,,,,
fa-soccer-ball-o,サッカーボール,(alias)[&#xf1e3;],4.2,,,,
fa-sort,ヤジルシ ソート,[&#xf0dc;],,,,,
fa-sort-alpha-asc,ヤジルシ ソート,[&#xf15d;],,,,,
fa-sort-alpha-desc,ヤジルシ ソート,[&#xf15e;],,,,,
fa-sort-amount-asc,ヤジルシ ソート,[&#xf160;],,,,,
fa-sort-amount-desc,ヤジルシ ソート,[&#xf161;],,,,,
fa-sort-asc,ヤジルシ ソート,[&#xf0de;],,,,,
fa-sort-desc,ヤジルシ ソート,[&#xf0dd;],,,,,
fa-sort-down,ヤジルシ ソート ダウン,(alias)[&#xf0dd;],,,,,
fa-sort-numeric-asc,ヤジルシ ソート,[&#xf162;],,,,,
fa-sort-numeric-desc,ヤジルシ ソート,[&#xf163;],,,,,
fa-sort-up,ヤジルシ ソート アップ,(alias)[&#xf0de;],,,,,
fa-soundcloud,ロゴ サウンドクラウド,[&#xf1be;],4.1,,,,
fa-space-shuttle,スペースシャトル,[&#xf197;],4.1,,,,
fa-spinner,スピナー ローディング,[&#xf110;],,,,,
fa-spoon,スプーン,[&#xf1b1;],4.1,,,,
fa-spotify,ロゴ スポティファイ,[&#xf1bc;],4.1,,,,
fa-square,シカク スクエア,[&#xf0c8;],,,,,
fa-square-o,シカク スクエア,[&#xf096;],,,,,
fa-stack-exchange,ロゴ スタック,[&#xf18d;],4,,,,
fa-stack-overflow,ロゴ スタックオーバーフロー,[&#xf16c;],,,,,
fa-star,ホシ スター,[&#xf005;],,,,,
fa-star-half,ホシ スター,[&#xf089;],,,,,
fa-star-half-empty,ホシ スター,(alias)[&#xf123;],,,,,
fa-star-half-full,ホシ スター,(alias)[&#xf123;],,,,,
fa-star-half-o,ホシ スター,[&#xf123;],,,,,
fa-star-o,ホシ スター,[&#xf006;],,,,,
fa-steam,ロゴ スチーム,[&#xf1b6;],4.1,,,,
fa-steam-square,ロゴ スチーム,[&#xf1b7;],4.1,,,,
fa-step-backward,モドル,[&#xf048;],,,,,
fa-step-forward,ススム,[&#xf051;],,,,,
fa-stethoscope,チョウシンキ,[&#xf0f1;],,,,,
fa-sticky-note,スティッキーノート,[&#xf249;],4.4,,,,
fa-sticky-note-o,スティッキーノート,[&#xf24a;],4.4,,,,
fa-stop,ストップ テイシ,[&#xf04d;],,,,,
fa-stop-circle,ストップ テイシ,[&#xf28d;],4.5,,,,
fa-stop-circle-o,ストップ テイシ,[&#xf28e;],4.5,,,,
fa-street-view,チズ ストリートビュー,[&#xf21d;],4.3,,,,
fa-strikethrough,ウチケシセン スルー,[&#xf0cc;],,,,,
fa-stumbleupon,ロゴ,[&#xf1a4;],4.1,,,,
fa-stumbleupon-circle,ロゴ,[&#xf1a3;],4.1,,,,
fa-subscript,サブ ジョウ,[&#xf12c;],,,,,
fa-subway,デンシャ チカテツ,[&#xf239;],4.3,,,,
fa-suitcase,スーツケース バッグ,[&#xf0f2;],,,,,
fa-sun-o,タイヨウ サン,[&#xf185;],,,,,
fa-superpowers,ロゴ,[&#xf2dd;],4.7,,,,
fa-superscript,サブ ジョウ,[&#xf12b;],,,,,
fa-support,サポート,(alias)[&#xf1cd;],4.1,,,,
fa-table,テーブル ヒョウ,[&#xf0ce;],,,,,
fa-tablet,タブレット ipad,[&#xf10a;],,,,,
fa-tachometer,タコメーター,[&#xf0e4;],,,,,
fa-tag,タグ ラベル,[&#xf02b;],,,,,
fa-tags,タグ ラベル フクスウ,[&#xf02c;],,,,,
fa-tasks,タスク,[&#xf0ae;],,,,,
fa-taxi,タクシー ジドウシャ カー,[&#xf1ba;],4.1,,,,
fa-telegram,ヒコウキ,[&#xf2c6;],4.7,,,,
fa-television,テレビ モニター,[&#xf26c;],4.4,,,,
fa-tencent-weibo,ロゴ,[&#xf1d5;],4.1,,,,
fa-terminal,ターミナル,[&#xf120;],,,,,
fa-text-height,タカサ テキスト モジ,[&#xf034;],,,,,
fa-text-width,ハバ テキスト モジ,[&#xf035;],,,,,
fa-th,テーブル セル,[&#xf00a;],,,,,
fa-th-large,テーブル セル,[&#xf009;],,,,,
fa-th-list,テーブル リスト,[&#xf00b;],,,,,
fa-themeisle,ロゴ,[&#xf2b2;],4.6,,,,
fa-thermometer,オンドケイ メーター,(alias)[&#xf2c7;],4.7,,,,
fa-thermometer-0,オンドケイ メーター,(alias)[&#xf2cb;],4.7,,,,
fa-thermometer-1,オンドケイ メーター,(alias)[&#xf2ca;],4.7,,,,
fa-thermometer-2,オンドケイ メーター,(alias)[&#xf2c9;],4.7,,,,
fa-thermometer-3,オンドケイ メーター,(alias)[&#xf2c8;],4.7,,,,
fa-thermometer-4,オンドケイ メーター,(alias)[&#xf2c7;],4.7,,,,
fa-thermometer-empty,オンドケイ メーター,[&#xf2cb;],4.7,,,,
fa-thermometer-full,オンドケイ メーター,[&#xf2c7;],4.7,,,,
fa-thermometer-half,オンドケイ メーター,[&#xf2c9;],4.7,,,,
fa-thermometer-quarter,オンドケイ メーター,[&#xf2ca;],4.7,,,,
fa-thermometer-three-quarters,オンドケイ メーター,[&#xf2c8;],4.7,,,,
fa-thumb-tack,ガビョウ ピン,[&#xf08d;],,,,,
fa-thumbs-down,オヤユビ シタ ダウン,[&#xf165;],,,,,
fa-thumbs-o-down,オヤユビ シタ ダウン,[&#xf088;],,,,,
fa-thumbs-o-up,オヤユビ ウエ アップ イイネ,[&#xf087;],,,,,
fa-thumbs-up,オヤユビ ウエ アップ イイネ,[&#xf164;],,,,,
fa-ticket,チケット キップ,[&#xf145;],,,,,
fa-times,ジカンギレ,[&#xf00d;],,,,,
fa-times-circle,ジカンギレ,[&#xf057;],,,,,
fa-times-circle-o,ジカンギレ,[&#xf05c;],,,,,
fa-times-rectangle,ジカンギレ,(alias)[&#xf2d3;],4.7,,,,
fa-times-rectangle-o,ジカンギレ,(alias)[&#xf2d4;],4.7,,,,
fa-tint,イロアイ,[&#xf043;],,,,,
fa-toggle-down,キャレット トグル シタ ダウン,(alias)[&#xf150;],,,,,
fa-toggle-left,キャレット トグル ヒダリ レフト,(alias)[&#xf191;],4,,,,
fa-toggle-off,トグルオフ スイッチ,[&#xf204;],4.2,,,,
fa-toggle-on,トグルオン スイッチ,[&#xf205;],4.2,,,,
fa-toggle-right,キャレット トグル ミギ ライト,(alias)[&#xf152;],,,,,
fa-toggle-up,キャレット トグル ウエ アップ,(alias)[&#xf151;],,,,,
fa-trademark,トレードマーク,[&#xf25c;],4.4,,,,
fa-train,デンシャ トレイン レッシャ,[&#xf238;],4.3,,,,
fa-transgender,セイベツ,[&#xf224;],4.3,,,,
fa-transgender-alt,セイベツ,[&#xf225;],4.3,,,,
fa-trash,ゴミバコ サクジョ,[&#xf1f8;],4.2,,,,
fa-trash-o,ゴミバコ サクジョ,[&#xf014;],,,,,
fa-tree,ツリー キ,[&#xf1bb;],4.1,,,,
fa-trello,ロゴ トレロ,[&#xf181;],,,,,
fa-tripadvisor,ロゴ,[&#xf262;],4.4,,,,
fa-trophy,トロフィー,[&#xf091;],,,,,
fa-truck,トラック ジドウシャ,[&#xf0d1;],,,,,
fa-try,トルコリラ,[&#xf195;],4,,,,
fa-tty,タイプライター デバイス,[&#xf1e4;],4.2,,,,
fa-tumblr,ロゴ タンブラー,[&#xf173;],,,,,
fa-tumblr-square,ロゴ タンブラー,[&#xf174;],,,,,
fa-turkish-lira,トルコリラ,(alias)[&#xf195;],4,,,,
fa-tv,テレビ モニター,(alias)[&#xf26c;],4.4,,,,
fa-twitch,ロゴ,[&#xf1e8;],4.2,,,,
fa-twitter,ロゴ ツイッター,[&#xf099;],,,,,
fa-twitter-square,ロゴ ツイッター,[&#xf081;],,,,,
fa-umbrella,カサ,[&#xf0e9;],,,,,
fa-underline,カセン アンダーライン,[&#xf0cd;],,,,,
fa-undo,ヤジルシ ヤリナオシ,[&#xf0e2;],,,,,
fa-universal-access,ユニバーサルアクセス,[&#xf29a;],4.6,,,,
fa-university,ダイガク,[&#xf19c;],4.1,,,,
fa-unlink,リンクカイジョ,(alias)[&#xf127;],,,,,
fa-unlock,カギ アンロック ロックカイジョ,[&#xf09c;],,,,,
fa-unlock-alt,カギ アンロック ロックカイジョ,[&#xf13e;],,,,,
fa-unsorted,ソートキンシ,(alias)[&#xf0dc;],,,,,
fa-upload,アップロード,[&#xf093;],,,,,
fa-usb,,[&#xf287;],4.5,,,,
fa-usd,usドル タンイ,[&#xf155;],,,,,
fa-user,ユーザー アカウント,[&#xf007;],,,,,
fa-user-circle,ユーザー アカウント,[&#xf2bd;],4.7,,,,
fa-user-circle-o,ユーザー アカウント,[&#xf2be;],4.7,,,,
fa-user-md,ユーザー アカウント,[&#xf0f0;],,,,,
fa-user-o,ユーザー アカウント,[&#xf2c0;],4.7,,,,
fa-user-plus,ユーザー アカウント,[&#xf234;],4.3,,,,
fa-user-secret,ユーザー アカウント,[&#xf21b;],4.3,,,,
fa-user-times,ユーザー アカウント,[&#xf235;],4.3,,,,
fa-users,ユーザー フクスウ グループ,[&#xf0c0;],,,,,
fa-vcard,カード,(alias)[&#xf2bb;],4.7,,,,
fa-vcard-o,カード,(alias)[&#xf2bc;],4.7,,,,
fa-venus,ビーナス ヴィーナス キンセイ,[&#xf221;],4.3,,,,
fa-venus-double,ビーナス ヴィーナス キンセイ,[&#xf226;],4.3,,,,
fa-venus-mars,ビーナス ヴィーナス キンセイ,[&#xf228;],4.3,,,,
fa-viacoin,ロゴ,[&#xf237;],4.3,,,,
fa-viadeo,ロゴ,[&#xf2a9;],4.6,,,,
fa-viadeo-square,ロゴ,[&#xf2aa;],4.6,,,,
fa-video-camera,ビデオ サツエイ カメラ,[&#xf03d;],,,,,
fa-vimeo,ロゴ,[&#xf27d;],4.4,,,,
fa-vimeo-square,ロゴ,[&#xf194;],4,,,,
fa-vine,ロゴ,[&#xf1ca;],4.1,,,,
fa-vk,ロゴ,[&#xf189;],,,,,
fa-volume-control-phone,ボリューム オンリョウチョウセイ,[&#xf2a0;],4.6,,,,
fa-volume-down,ボリューム オンリョウチョウセイ,[&#xf027;],,,,,
fa-volume-off,ボリューム オンリョウチョウセイ,[&#xf026;],,,,,
fa-volume-up,ボリューム オンリョウチョウセイ,[&#xf028;],,,,,
fa-warning,ケイコク チュウイ,(alias)[&#xf071;],,,,,
fa-wechat,ロゴ,(alias)[&#xf1d7;],4.1,,,,
fa-weibo,ロゴ,[&#xf18a;],,,,,
fa-weixin,ロゴ,[&#xf1d7;],4.1,,,,
fa-whatsapp,ロゴ,[&#xf232;],4.3,,,,
fa-wheelchair,クルマイス,[&#xf193;],4,,,,
fa-wheelchair-alt,クルマイス,[&#xf29b;],4.6,,,,
fa-wifi,デンパ ムセン,[&#xf1eb;],4.2,,,,
fa-wikipedia-w,ロゴ ウィキペディア,[&#xf266;],4.4,,,,
fa-window-close,ウィンドウ ガメン トジル,[&#xf2d3;],4.7,,,,
fa-window-close-o,ウィンドウ ガメン トジル,[&#xf2d4;],4.7,,,,
fa-window-maximize,ウィンドウ ガメン サイダイカ,[&#xf2d0;],4.7,,,,
fa-window-minimize,ウィンドウ ガメン サイショウカ,[&#xf2d1;],4.7,,,,
fa-window-restore,ウィンドウ ガメン サクジョ,[&#xf2d2;],4.7,,,,
fa-windows,ロゴ ウィンドウズ,[&#xf17a;],,,,,
fa-won,ウォン タンイ,(alias)[&#xf159;],,,,,
fa-wordpress,ロゴ ワードプレス cms コンテンツマネジメントシステム,[&#xf19a;],4.1,,,,
fa-wpbeginner,ロゴ,[&#xf297;],4.6,,,,
fa-wpexplorer,ロゴ,[&#xf2de;],4.7,,,,
fa-wpforms,フォーム,[&#xf298;],4.6,,,,
fa-wrench,モンキーレンチ,[&#xf0ad;],,,,,
fa-xing,ロゴ,[&#xf168;],,,,,
fa-xing-square,ロゴ,[&#xf169;],,,,,
fa-y-combinator,ロゴ,[&#xf23b;],4.4,,,,
fa-y-combinator-square,ロゴ,(alias)[&#xf1d4;],4.1,,,,
fa-yahoo,ロゴ ヤフー,[&#xf19e;],4.1,,,,
fa-yc,ロゴ,(alias)[&#xf23b;],4.4,,,,
fa-yc-square,ロゴ,(alias)[&#xf1d4;],4.1,,,,
fa-yelp,ロゴ,[&#xf1e9;],4.2,,,,
fa-yen,エン タンイ,(alias)[&#xf157;],,,,,
fa-yoast,ロゴ ワードプレス,[&#xf2b1;],4.6,,,,
fa-youtube,ロゴ ユーチューブ,[&#xf167;],,,,,
fa-youtube-play,ロゴ ユーチューブ,[&#xf16a;],,,,,
fa-youtube-square,ロゴ ユーチューブ,[&#xf166;],,,,,